id,laps,speed,last_lap_time
7,7,175.69508839576093,0.9934487342834473
3,7,474.37766814851676,0.7023746967315674
2,7,141.18147607090202,0.7025651931762695
